alg,seed,error_val,dem_fpr_val,dem_ppv_val,num_leaves,actual_depth,actual_leaves,error_tst,dem_fpr_tst,dem_ppv_tst,num_leaves_tst,criterion,max_depth,min_samples_split,max_leaf_nodes,class_weight
nsga2_2,109.0,0.22459832288891277,0.010389419825705203,0.12139541866313037,51.0,10.0,51.0,0.2298237580393741,0.031157799176474387,0.06726966391770861,51.0,1.0,23.50925925925926,17.62037037037037,51.0,4.0
nsga2_4,104.5,0.22459832288891274,0.04978446534149523,0.05784674988763733,323.3202158803704,11.941565928450675,323.3202158803704,0.22614068321797592,0.05100398651877887,0.06778947283900302,323.3202158803704,0.3001915768035389,12.526916177668973,16.340994889216734,496.99054717845564,3.8914138502946245
smsemoa,104.5,0.2245983228889128,0.04579787570282766,0.061212504839296265,194.10034132405343,11.131058894663568,194.10034132405343,0.22506868009917716,0.04440735565136574,0.07289570243341797,194.10034132405343,0.47224552965488015,16.8480315856574,13.199996725900752,454.9341267396424,3.809679585578562
grea,104.5,0.22459832288891274,0.0396351605202001,0.04670893288343048,88.73565662990492,10.094804725913843,88.73565662990492,0.2240927913531428,0.035363510917660844,0.07239598021973433,88.73565662990492,0.42569437779320574,13.123203875358863,16.119017945316205,99.71914926417813,4.213038489833783
