alg,seed,error_val,dem_fpr_val,dem_ppv_val,num_leaves,actual_depth,actual_leaves,error_tst,dem_fpr_tst,dem_ppv_tst,num_leaves_tst,criterion,max_depth,min_samples_split,max_leaf_nodes,class_weight
nsga2_2,107.0,0.21553545944726382,0.08068181818181813,0.2857142857142857,2.0,1.0,2.0,0.30613398302067113,0.0787671232876712,0.18813317580440866,2.0,0.0,3.0034246575342465,17.681506849315067,2.0,1.4897260273972603
nsga2_4,104.5,0.21106629374365243,0.28040515165263347,0.21806882532625393,2.6536891597472207,1.653689159747221,2.6536891597472207,0.21867500566692705,0.4430016949853998,0.16062828030824355,2.6536891597472207,0.143707098693148,3.1259471905879863,16.234362238399275,2.6536891597472207,3.6591505434392397
smsemoa,104.5,0.21106629374365243,0.29903376600870507,0.21365945210104603,2.7230482140508867,1.6909065950197313,2.7230482140508867,0.2137150140794124,0.4519274586402692,0.15178659774423137,2.7230482140508867,0.20934172473607576,3.5084589810018536,20.900912644845675,2.7551898330820412,3.836129730053261
grea,104.5,0.21106629374365243,0.27869654522755033,0.20870018018831452,2.8865832374929505,1.8222999994306401,2.8865832374929505,0.21004428700688343,0.3992356029430776,0.171194043330824,2.8865832374929505,0.1937070986931482,3.5027287084025454,19.359428084063985,2.8865832374929505,3.305978444446063
