id,seed,creation_mode,error_val,dem_fpr_val,dem_ppv_val,dem_pnr_val,error_tst,dem_fpr_tst,dem_ppv_tst,dem_pnr_tst,max_iter,tol,lambda,l1_ratio,class_weight
3U0XMQCZOB,100,crossover,0.3338952226738538,0.0215122949548823,0.0474526326043542,0.0445682518992636,0.3498721097875898,0.000621983380604,0.0975738467991826,0.0395392261855727,147,0.0337507628069578,33529.05326035149,0.4374485613636004,4.0
M2G9LS8JZQ,101,crossover,0.327724324483476,0.0740246913580247,0.005819517080227,0.0847036481360561,0.3105025557541384,0.0866371268656716,0.0615039822459722,0.1444979322822435,122,0.0596335756750327,36128.5618463392,0.6011135300809862,3.0
T3RGZIPSBM,101,crossover,0.3451906536196126,0.0014485596707818,0.0302698440511652,0.0065022455052511,0.3204283834244632,0.0241241708126036,0.0775022567497333,0.0625053846816576,119,0.0519741593509416,71633.72728243013,0.4196124066088014,4.0
55GMO8SSTE,101,mutation,0.3451906536196126,0.0014485596707818,0.0302698440511652,0.0065022455052511,0.3204283834244632,0.0241241708126036,0.0775022567497333,0.0625053846816576,119,0.0519589646547669,69438.89543236142,0.4082601000983754,4.0
0S74R8ZNGN,103,inicialization,0.3242451550468042,0.0113511420828494,0.064794038616028,0.0337468887795416,0.3341410616130295,0.001283595820647,0.0926985580224307,0.0468470282849982,46,0.087863716905169,10416.23217374636,0.2891362091698819,4.0
1U3C3TLUY8,108,crossover,0.8663693790437879,0.0,0.0,0.0028431119152235,0.8941981576212102,0.0,0.0,0.0051286478778704,129,0.0421916099607293,34478.157960262375,0.3781623722218067,8.0
