id,seed,creation_mode,error_val,dem_fpr_val,dem_ppv_val,dem_pnr_val,error_tst,dem_fpr_tst,dem_ppv_tst,dem_pnr_tst,max_iter,tol,lambda,l1_ratio,class_weight
U1Z7I08QA4,109,crossover,0.5444265483905797,0.0,0.0,0.009120633281707091,0.6855339622647798,0.012987012987012988,1,0.042654028436018954,130,0.04740632730272438,33998.92826772058,0.7267667071682782,7
LDG7TA1XNC,109,mutation,0.3056079684349422,0.0021739130434782483,0.2579365079365079,0.11736362071932538,0.41629263691958984,0.0914085914085914,0.26511627906976754,0.0755863409891846,126,0.05274993014119846,57243.545251241296,0.712469541901712,6
GZ4BVXUSQV,109,crossover,0.26313031056817493,0.03260869565217392,0.23242630385487528,0.13267940113577703,0.2649371045159059,0.16283716283716285,0.35588235294117654,0.06586462510633129,126,0.032267696785127864,41150.07796840065,0.5660046931804579,5
8E9DU50TNS,109,crossover,0.2444012837583538,0.05434782608695654,0.3055555555555556,0.09000172087420416,0.3499694756861932,0.2032967032967033,0.23418972332015808,0.15396767529468947,124,0.05871933344363617,53246.576469617496,0.6933054656529223,5
84AH3RM0M5,109,crossover,0.23603154597710096,0.12826086956521737,0.0743034055727555,0.18086387885045607,0.3605557968916374,0.03346653346653346,0.14534883720930236,0.0013367359338923857,141,0.032251553676314854,47168.05476542347,0.5239573424909929,5
AWHBVEWOCX,109,crossover,0.2287485552329862,0.15217391304347824,0.1146341463414634,0.23765272758561345,0.3097044571287335,0.05294705294705293,0.16993464052287588,0.010936930368210085,132,0.03594297359162714,30423.645074548906,0.658209088113891,5
H1E2YTJ7BS,109,crossover,0.22297131011418858,0.2347826086956522,0.08399209486166004,0.29444157632077095,0.31455031560203506,0.004995004995005006,0.12777777777777777,0.09442216551221294,157,0.02120147756835797,30778.56008291209,0.3372584353595454,4
PJJ6N7F285,109,mutation,0.18547429053671993,0.29130434782608694,0.0956873315363882,0.36224401996214073,0.32505144228944716,0.23476523476523475,0.008474576271186418,0.2844817110219954,126,0.038936300100934386,55616.34831773014,0.6320071504541421,5
