id,seed,creation_mode,error_val,dem_fpr_val,dem_ppv_val,dem_pnr_val,error_tst,dem_fpr_tst,dem_ppv_tst,dem_pnr_tst,max_iter,tol,lambda,l1_ratio,class_weight
7SGXAEWC90,104,mutation,0.2680749452886001,0.0,0.1785714285714286,0.14105263157894732,0.34415053411680563,0.07240618101545253,0.27470355731225304,0.015469504384668431,115,0.043139759246456355,45865.455106976326,0.7002747844694601,5
